0,(1435,545),200540
0,(1427,547),201537
0,(1419,549),202537
0,(1411,551),203538
0,(1403,553),204537
0,(1395,555),205525
0,(1385,557),206519
0,(1377,557),207523
0,(1369,559),208522
0,(1361,561),209520
0,(1351,563),210521
0,(1341,565),211521
0,(1333,567),212520
0,(1323,569),213521
0,(1313,569),214520
0,(1305,571),215518
0,(1299,573),216521
0,(1289,573),217521
0,(1279,575),218521
0,(1269,577),219520
0,(1259,579),220534
0,(1249,579),221526
0,(1237,581),222522
0,(1227,583),223519
0,(1215,585),224519
0,(1205,587),225520
0,(1193,587),226520
0,(1183,589),227520
0,(1171,591),228522
0,(1159,591),229521
0,(1149,593),230521
0,(1137,595),231522
0,(1123,595),232521
0,(1111,597),233521
0,(1099,597),234521
0,(1087,599),235522
0,(1075,599),236522
0,(1063,601),237521
0,(1051,603),238522
0,(1037,603),239523
0,(1025,603),240522
0,(1013,605),241526
0,(999,605),242523
0,(987,607),243523
0,(973,607),244523
0,(961,609),245518
0,(947,609),246523
0,(935,609),247523
0,(921,611),248523
0,(907,611),249524
0,(895,611),250524
0,(881,613),251523
0,(869,613),252524
0,(855,613),253524
0,(843,615),254527
0,(829,615),255525
0,(815,615),256525
0,(803,615),257525
0,(789,615),258525
0,(775,617),259526
0,(763,617),260526
0,(749,617),261530
0,(737,617),262526
0,(723,617),263527
0,(711,619),264525
0,(699,619),265526
0,(691,619),266526
0,(679,619),267526
0,(665,619),268527
0,(653,619),269572
0,(641,621),270527
0,(629,621),271526
0,(615,621),272526
0,(603,621),273528
0,(591,621),274529
0,(579,621),275528
0,(567,621),276529
0,(555,621),277529
0,(541,621),278528
0,(529,621),279528
0,(517,621),280532
0,(507,621),281528
0,(495,621),282528
0,(483,621),283530
0,(471,621),284528
0,(459,621),285528
0,(447,621),286528
0,(437,621),287529
0,(425,621),288529
0,(413,621),289528
0,(401,621),290528
0,(391,621),291529
0,(379,621),292529
0,(367,621),293529
0,(355,621),294529
0,(345,621),295529
0,(333,621),296531
0,(323,621),297531
0,(311,621),298532
0,(299,621),299530
0,(289,621),300531
0,(277,621),301531
0,(265,621),302551
0,(255,621),303546
0,(243,621),304540
0,(233,621),305539
0,(221,621),306538
0,(209,621),307538
0,(199,621),308539
0,(187,621),309539
0,(177,621),310539
0,(165,621),311542
0,(153,621),312539
0,(143,621),313540
0,(131,621),314543
0,(119,621),315540
0,(115,621),316540
0,(103,621),317540
0,(91,621),318540
0,(81,621),319540
0,(69,621),320540
0,(59,621),321539
0,(47,621),322539
0,(35,621),323541
0,(25,621),324540
0,(13,621),325539
0,(1,621),326539
0,(0,619),327540
0,(0,619),328532
0,(0,619),329533
0,(0,617),330541
0,(0,617),331534
0,(0,617),332533
0,(0,615),333541
0,(0,615),334537
0,(0,613),335558
0,(0,613),336550
0,(0,611),337558
0,(0,611),338550
0,(0,611),339551
0,(0,609),340565
0,(0,609),341553
0,(0,607),342561
0,(0,607),343546
0,(0,605),344561
0,(0,603),345561
0,(0,603),346553
0,(0,601),347561
0,(0,601),348554
0,(0,599),349562
0,(0,597),350560
0,(0,597),351552
0,(0,595),352560
0,(0,593),353551
0,(0,593),354552
0,(0,591),355560
0,(0,589),356567
0,(0,589),357555
0,(0,587),358560
0,(0,585),359560
0,(0,585),360575
0,(0,583),361559
0,(0,581),362546
0,(0,581),363557
0,(0,579),364558
0,(0,577),365558
0,(0,575),366558
0,(0,575),367554
0,(0,573),368563
0,(0,573),369556
0,(0,571),370560
0,(0,569),371559
0,(0,567),372551
0,(0,567),373558
0,(0,565),374560
0,(0,563),375561
0,(0,561),376560
0,(0,561),377557
0,(0,559),378561
0,(0,557),379564
0,(0,555),380563
0,(0,553),381545
0,(0,551),382535
0,(0,551),383529
0,(0,549),384535
0,(0,547),385533
0,(0,545),386533
0,(0,543),387538
0,(0,543),388529
0,(0,541),389534
0,(0,539),390534
0,(0,537),391535
0,(0,535),392533
0,(0,533),393534
0,(0,533),394568
0,(0,531),395535
0,(0,529),396535
0,(0,527),397535
0,(0,525),398536
0,(0,523),399535
0,(0,523),400530
0,(0,522),401533
0,(0,520),402535
0,(0,518),403534
0,(0,516),404535
0,(0,514),406539
0,(0,512),407560
0,(0,512),408534
0,(0,511),409538
0,(0,509),410536
0,(0,508),412539
0,(0,506),413553
0,(0,505),414539
0,(0,503),416542
0,(1,502),418539
0,(1,501),419556
0,(2,501),420538
0,(4,499),421537
0,(4,497),422540
0,(6,497),423536
0,(8,495),424536
0,(9,493),426539
0,(11,493),427543
0,(13,491),428538
0,(15,489),429542
0,(19,487),430540
0,(21,485),431540
0,(25,483),432540
0,(27,481),433540
0,(31,479),434540
0,(35,477),435541
0,(37,475),436542
0,(41,473),437540
0,(45,471),438538
0,(51,469),439538
0,(55,467),440540
0,(59,465),441539
0,(65,463),442538
0,(69,461),443543
0,(75,459),444540
0,(81,457),445540
0,(87,455),446540
0,(93,451),447539
0,(99,449),448538
0,(105,447),449542
0,(111,445),450547
0,(117,443),451520
0,(125,441),452542
0,(133,437),453540
0,(139,435),454540
0,(147,433),455541
0,(155,431),456541
0,(163,429),457546
0,(171,427),458542
0,(179,423),459541
0,(187,421),460546
0,(195,419),461543
0,(203,417),462545
0,(213,415),463546
0,(221,411),464548
0,(229,409),465546
0,(239,407),466547
0,(243,405),467544
0,(253,403),468546
0,(261,401),469545
0,(271,399),470546
0,(281,397),471550
0,(291,395),472543
0,(299,393),473543
0,(309,389),474546
0,(319,387),475546
0,(329,385),476548
0,(339,383),477547
0,(349,381),478551
0,(359,379),479547
0,(369,377),480564
0,(379,375),481564
0,(389,373),482545
0,(401,371),483550
0,(411,369),484551
0,(421,367),485553
0,(431,365),486558
0,(441,363),487550
0,(453,361),488550
0,(463,359),489549
0,(473,357),490547
0,(483,355),491550
0,(495,353),492554
0,(505,351),493544
0,(515,349),494551
0,(527,347),495550
0,(537,345),496550
0,(547,345),497669
0,(559,343),498549
0,(569,341),499553
0,(579,339),500553
0,(591,337),501558
0,(601,335),502544
0,(611,333),503551
0,(621,333),504551
0,(633,331),505551
0,(643,329),506553
0,(653,327),507567
0,(663,327),508552
0,(675,325),509551
0,(685,325),510552
0,(695,323),511550
0,(705,321),512622
0,(715,321),513545
0,(727,319),514550
0,(731,319),515550
0,(741,319),516552
0,(753,317),517551
0,(763,317),518554
0,(773,315),519581
0,(783,315),520551
0,(793,315),521552
0,(803,313),522543
0,(813,313),523551
0,(823,313),524550
0,(833,313),525551
0,(841,311),526548
0,(851,311),527553
0,(861,311),528553
0,(871,311),529552
0,(881,311),530552
0,(891,311),531555
0,(899,311),532553
0,(909,311),533548
0,(919,311),534553
0,(929,311),535556
0,(937,311),536553
0,(947,311),537553
0,(957,311),538556
0,(965,311),539557
0,(975,313),540562
0,(985,313),541546
0,(993,313),542553
0,(1003,315),543556
0,(1011,315),544553
0,(1021,317),545556
0,(1029,317),546557
0,(1037,319),547559
0,(1047,319),548557
0,(1055,321),549559
0,(1063,323),550557
0,(1073,323),551558
0,(1081,325),552549
0,(1089,327),553557
0,(1097,329),554559
0,(1105,329),555558
0,(1113,331),556557
0,(1121,333),557558
0,(1129,335),558559
0,(1137,337),559558
0,(1145,339),560550
0,(1151,341),561556
0,(1159,345),562557
0,(1163,345),563558
0,(1169,347),564560
0,(1177,351),565559
0,(1183,353),566558
0,(1191,355),567558
0,(1197,359),568562
0,(1203,361),569550
0,(1209,365),570560
0,(1215,367),571560
0,(1221,371),572559
0,(1227,375),573563
0,(1231,377),574561
0,(1237,381),575562
0,(1243,385),576560
0,(1247,389),577562
0,(1251,393),578560
0,(1257,395),579553
0,(1261,399),580564
0,(1265,403),581561
0,(1269,407),582571
0,(1273,411),583561
0,(1275,415),584562
0,(1279,419),585561
0,(1283,425),586561
0,(1285,429),587560
0,(1289,433),588550
0,(1291,437),589554
0,(1293,441),590553
0,(1295,447),591552
0,(1297,451),592551
0,(1299,455),593552
0,(1301,459),594553
0,(1303,465),595553
0,(1303,469),596554
0,(1305,473),597552
0,(1305,479),598554
0,(1307,483),599554
0,(1307,489),600552
0,(1307,493),601565
0,(1307,497),602565
0,(1307,503),603567
0,(1307,507),604564
0,(1307,513),605564
0,(1307,517),606563
0,(1307,523),607580
0,(1305,527),608558
0,(1305,533),609567
0,(1303,537),610568
0,(1303,541),611565
0,(1301,545),612566
0,(1299,551),613566
0,(1297,555),614565
0,(1295,561),615566
0,(1293,565),616555
0,(1289,569),617560
0,(1287,575),618558
0,(1283,579),619557
0,(1281,585),620570
0,(1277,589),621558
0,(1273,595),622557
0,(1269,599),623557
0,(1265,603),624558
0,(1261,609),625557
0,(1257,613),626555
0,(1253,617),627559
0,(1249,621),628558
0,(1243,627),629556
0,(1239,631),630557
0,(1233,635),631667
0,(1227,639),632666
0,(1221,643),633570
0,(1217,647),634569
0,(1211,653),635657
0,(1205,657),636572
0,(1199,661),637637
0,(1191,665),638567
0,(1185,667),639567
0,(1179,671),640566
0,(1171,675),641560
0,(1165,679),642568
0,(1157,683),643568
0,(1151,687),644587
0,(1143,689),645566
0,(1135,693),646569
0,(1129,697),647568
0,(1121,699),648568
0,(1113,703),649569
0,(1105,705),650568
0,(1097,709),651554
0,(1089,711),652569
0,(1079,715),653572
0,(1071,717),654568
0,(1063,719),655567
0,(1055,721),656567
0,(1045,723),657567
0,(1037,725),658570
0,(1029,729),659568
0,(1025,729),660558
0,(1015,731),666580
0,(1008,733),667575
0,(998,735),668569
0,(982,737),669578
0,(964,739),670569
0,(946,741),671569
0,(918,741),672574
0,(910,741),673572
0,(902,741),674562
0,(892,741),675570
0,(884,741),676570
0,(876,741),677570
0,(866,741),678569
0,(858,741),679576
0,(850,739),680573
0,(840,739),681560
0,(832,737),682570
0,(824,735),683570
0,(816,733),684570
0,(806,733),685571
0,(798,731),686573
0,(790,729),687572
0,(782,725),688571
0,(774,723),689571
0,(766,721),690562
0,(758,719),691563
0,(748,717),692572
0,(740,713),693574
0,(732,711),694571
0,(724,707),695574
0,(718,705),696574
0,(710,701),697563
0,(702,699),698573
0,(694,695),699572
0,(686,693),700576
0,(678,689),701573
0,(672,685),702573
0,(664,681),703572
0,(656,679),704572
0,(650,675),705563
0,(642,671),706573
0,(634,667),707593
0,(628,663),708587
0,(624,661),709586
0,(618,657),710582
0,(610,653),711579
0,(604,649),712577
0,(596,645),713578
0,(590,641),714578
0,(584,637),715566
0,(576,633),716579
0,(570,629),717576
0,(564,625),718576
0,(558,619),719578
0,(552,615),720579
0,(546,611),721580
0,(540,607),722578
0,(534,601),723567
0,(528,597),724578
0,(524,593),725577
0,(518,589),726578
0,(512,583),727578
0,(508,579),728584
0,(502,575),729578
0,(496,569),730579
0,(492,565),731578
0,(488,559),732569
0,(482,555),733578
0,(478,551),734577
0,(474,545),735581
0,(470,541),736579
0,(466,535),737579
0,(462,531),738578
0,(458,525),739578
0,(456,521),740562
0,(452,517),741578
0,(448,511),742582
0,(446,507),743578
0,(442,501),744578
0,(440,497),747587
0,(438,494),748585
0,(432,478),749579
0,(430,474),750578
0,(428,470),751577
0,(426,464),752571
0,(426,460),753581
0,(424,456),754580
0,(424,450),755582
0,(424,446),756587
0,(424,442),757580
0,(424,440),758579
0,(424,436),759579
0,(424,430),760596
0,(424,426),761573
0,(424,422),762645
0,(426,418),763585
0,(426,414),764579
0,(428,408),765582
0,(430,404),766581
0,(432,400),767581
0,(434,396),768581
0,(438,392),769590
0,(440,388),770583
0,(444,384),771582
0,(448,378),772581
0,(450,374),773572
0,(454,370),774584
0,(460,366),775582
0,(464,362),776579
0,(468,358),777585
0,(474,354),778585
0,(478,350),779582
0,(484,346),780583
0,(490,342),781585
0,(496,338),782582
0,(502,334),783585
0,(508,330),784583
0,(514,328),785584
0,(522,324),786583
0,(528,320),787582
0,(536,316),788583
0,(542,312),789585
0,(550,310),790591
0,(558,306),791587
0,(566,304),792588
0,(574,300),793584
0,(584,298),794583
0,(592,294),795585
0,(600,292),796584
0,(610,288),797587
0,(618,286),798586
0,(628,284),799584
0,(638,280),800583
0,(648,278),801587
0,(656,276),802586
0,(666,274),803584
0,(678,272),804587
0,(688,270),805584
0,(698,268),806585
0,(708,266),807601
0,(714,266),808588
0,(726,264),809587
0,(736,262),810577
0,(748,262),811589
0,(760,260),812587
0,(770,260),813585
0,(782,258),814584
0,(794,258),815585
0,(806,256),816586
0,(818,256),817589
0,(830,256),818592
0,(842,254),819588
0,(856,254),820589
0,(868,254),821587
0,(880,254),822587
0,(892,254),823587
0,(906,254),824589
0,(918,254),825591
0,(930,254),826587
0,(942,254),827585
0,(956,254),828585
0,(968,254),829584
0,(980,256),830580
0,(994,256),831588
0,(1006,258),832590
0,(1018,258),833586
0,(1030,260),834586
0,(1044,260),835587
0,(1056,262),836586
0,(1068,264),837586
0,(1080,266),838586
0,(1092,268),839590
0,(1104,270),840592
0,(1114,272),841590
0,(1126,274),842590
0,(1138,276),843589
0,(1148,278),844589
0,(1160,280),845590
0,(1170,284),846593
0,(1180,286),847590
0,(1192,288),848590
0,(1202,292),849590
0,(1212,294),850590
0,(1220,298),851589
0,(1230,300),852590
0,(1240,304),853594
0,(1248,308),854592
0,(1256,312),855591
0,(1264,314),856593
0,(1268,316),857592
0,(1276,320),858591
0,(1284,324),859591
0,(1292,328),860594
0,(1298,332),861593
0,(1304,336),862593
0,(1310,342),863593
0,(1316,346),864592
0,(1322,350),865592
0,(1326,354),866592
0,(1332,358),867592
0,(1336,364),868593
0,(1340,368),869591
0,(1342,372),870593
0,(1346,378),871594
0,(1348,382),872594
0,(1350,386),873593
0,(1352,392),874596
0,(1354,396),875594
0,(1356,400),876595
0,(1356,404),877593
0,(1356,410),878592
0,(1356,414),879594
0,(1356,418),880579
0,(1356,424),881595
0,(1356,428),882593
0,(1354,432),883594
0,(1352,436),884595
0,(1350,440),885595
0,(1346,446),886595
0,(1344,450),887651
0,(1340,454),888596
0,(1336,458),889596
0,(1332,462),890595
0,(1326,468),891596
0,(1322,472),892596
0,(1316,476),893596
0,(1312,480),894600
0,(1306,484),895596
0,(1300,488),896597
0,(1292,492),897597
0,(1286,496),898596
0,(1280,500),899596
0,(1272,504),900621
0,(1266,508),901603
0,(1258,512),902598
0,(1250,516),903600
0,(1242,520),904599
0,(1234,522),905597
0,(1226,526),906597
0,(1218,530),907615
0,(1214,530),908594
0,(1206,534),909591
0,(1196,536),910599
0,(1188,540),911598
0,(1180,542),912599
0,(1170,546),913598
0,(1160,548),914598
0,(1152,550),915602
0,(1142,552),916598
0,(1132,556),917598
0,(1124,558),918600
0,(1114,560),919599
0,(1104,562),920600
0,(1094,564),921602
0,(1084,566),922602
0,(1074,566),923600
0,(1064,568),924600
0,(1054,570),925600
0,(1044,570),926599
0,(1034,572),927600
0,(1024,572),928600
0,(1012,574),929594
0,(1002,574),930600
0,(992,574),931601
0,(982,576),932600
0,(972,576),933600
0,(960,576),934601
0,(950,576),935601
0,(940,576),936595
0,(930,576),937593
0,(920,576),938593
0,(908,576),939591
0,(898,574),940602
0,(888,574),941600
0,(878,572),942599
0,(868,570),943604
0,(858,568),944599
0,(846,568),945585
0,(836,566),946603
0,(826,564),947602
0,(816,562),948603
0,(806,560),949601
0,(796,558),950605
0,(786,554),951603
0,(776,552),952582
0,(766,550),953604
0,(756,546),954604
0,(746,544),955603
0,(740,542),956603
0,(730,540),957597
0,(720,536),958596
0,(712,532),959596
0,(702,528),960605
0,(692,526),961605
0,(682,522),962605
0,(672,518),963604
0,(664,514),964599
0,(654,510),965605
0,(644,508),966605
0,(636,504),967605
0,(626,500),968606
0,(616,496),969605
0,(608,490),970605
0,(600,486),971608
0,(590,482),972606
0,(582,478),973606
0,(574,474),974606
0,(566,470),975605
0,(556,466),976607
0,(548,462),977606
0,(540,458),978600
0,(534,454),979598
0,(526,450),980608
0,(520,446),981607
0,(512,442),982607
0,(506,436),983607
0,(500,432),984608
0,(494,428),985604
0,(488,424),986607
0,(482,420),987608
0,(476,416),988606
0,(472,414),989607
0,(468,410),990608
0,(464,406),991607
0,(460,402),992611
0,(456,398),993608
0,(452,394),994609
0,(450,392),995609
0,(446,388),996608
0,(444,384),997613
0,(442,382),998612
0,(440,378),999604
0,(440,374),1000613
0,(438,372),1001611
0,(438,368),1002620
0,(438,366),1003609
0,(438,362),1004610
0,(438,360),1005611
0,(438,358),1006604
0,(438,357),1007616
0,(438,353),1008605
0,(438,351),1009602
0,(440,347),1010611
0,(442,345),1011611
0,(444,343),1012658
0,(446,339),1013612
0,(448,337),1014611
0,(450,333),1015610
0,(454,331),1016612
0,(456,329),1017611
0,(460,325),1018611
0,(464,323),1019615
0,(466,319),1020604
0,(470,317),1021611
0,(474,313),1022612
0,(480,311),1023612
0,(484,307),1024612
0,(488,305),1025613
0,(494,301),1026616
0,(500,297),1027613
0,(504,295),1028613
0,(510,291),1029613
0,(516,287),1030611
0,(522,283),1031614
0,(528,281),1032613
0,(534,277),1033614
0,(540,273),1034614
0,(546,269),1035613
0,(552,267),1036614
0,(560,263),1037614
0,(566,259),1038614
0,(572,255),1039613
0,(580,253),1040609
0,(588,249),1041616
0,(594,247),1042614
0,(602,243),1043614
0,(610,241),1044616
0,(618,239),1045615
0,(626,235),1046615
0,(634,233),1047609
0,(642,231),1048616
0,(650,229),1049615
0,(658,225),1050616
0,(666,223),1051615
0,(676,221),1052616
0,(684,219),1053617
0,(688,219),1054618
0,(696,217),1055616
0,(706,215),1056615
0,(714,213),1057608
0,(724,211),1058616
0,(734,209),1059617
0,(742,209),1060616
0,(752,207),1061621
0,(762,205),1062617
0,(770,205),1063616
0,(780,203),1064616
0,(790,203),1065618
0,(800,201),1066617
0,(810,201),1067617
0,(818,201),1068611
0,(828,201),1069617
0,(838,199),1070619
0,(848,199),1071617
0,(858,199),1072617
0,(868,199),1073617
0,(876,199),1074618
0,(886,199),1075619
0,(896,199),1076618
0,(906,199),1077617
0,(916,199),1078618
0,(926,199),1079618
0,(936,201),1080622
0,(944,201),1081619
0,(954,203),1082622
0,(964,205),1083619
0,(974,205),1084619
0,(982,207),1085619
0,(992,209),1086618
0,(1000,211),1087620
0,(1010,213),1088619
0,(1018,215),1089613
0,(1026,217),1090621
0,(1036,219),1091620
0,(1044,223),1092620
0,(1052,225),1093620
0,(1060,227),1094619
0,(1068,231),1095620
0,(1074,233),1096616
0,(1082,235),1097621
0,(1090,239),1098621
0,(1096,243),1099620
0,(1102,245),1100623
0,(1110,249),1101621
0,(1112,251),1102621
0,(1118,253),1103623
0,(1124,257),1104621
0,(1130,261),1105620
0,(1134,265),1106621
0,(1140,269),1107637
0,(1144,273),1108624
0,(1150,277),1109622
0,(1154,281),1110616
0,(1158,285),1111622
0,(1162,289),1112623
0,(1164,293),1113623
0,(1168,297),1114622
0,(1170,301),1115624
0,(1174,305),1116624
0,(1176,309),1117617
0,(1178,315),1118615
0,(1180,319),1119616
0,(1182,323),1120625
0,(1182,327),1121624
0,(1184,333),1122623
0,(1184,337),1123623
0,(1186,341),1124627
0,(1188,345),1126625
0,(1188,349),1127639
0,(1188,355),1128624
0,(1188,363),1129624
0,(1188,369),1130628
0,(1186,377),1131628
0,(1186,383),1132626
0,(1184,387),1133625
0,(1182,393),1134624
0,(1180,397),1135626
0,(1178,401),1136626
0,(1176,407),1137663
0,(1174,411),1138618
0,(1170,417),1139618
0,(1168,421),1140619
0,(1164,425),1141626
0,(1162,431),1142627
0,(1158,435),1143627
0,(1154,439),1144621
0,(1150,445),1145620
0,(1146,449),1146627
0,(1142,455),1147627
0,(1138,459),1150638
0,(1132,463),1151644
0,(1128,467),1152629
0,(1126,471),1153628
0,(1120,475),1156643
0,(1114,478),1157643
0,(1098,492),1158633
0,(1086,500),1159631
0,(1072,508),1160642
0,(1066,512),1161629
0,(1060,516),1162629
0,(1052,520),1163628
0,(1046,524),1164627
0,(1038,528),1165633
0,(1030,532),1166629
0,(1022,536),1167631
0,(1014,538),1168629
0,(1006,542),1169630
0,(998,546),1170630
0,(990,548),1171630
0,(982,552),1172632
0,(972,556),1173630
0,(964,558),1174630
0,(954,560),1175631
0,(946,564),1176632
0,(936,566),1177630
0,(926,570),1178631
0,(916,572),1179632
0,(906,574),1180630
0,(896,576),1181633
0,(886,578),1182632
0,(876,580),1183633
0,(866,582),1184632
0,(856,584),1185632
0,(844,586),1186635
0,(834,588),1187632
0,(822,588),1188633
0,(812,590),1189632
0,(800,590),1190631
0,(790,592),1191632
0,(778,592),1192632
0,(768,592),1193635
0,(756,592),1194633
0,(744,592),1195633
0,(734,592),1196633
0,(722,592),1197633
0,(710,592),1198633
0,(704,592),1199632
0,(692,592),1200636
0,(682,592),1201634
0,(670,592),1202634
0,(660,592),1203634
0,(648,590),1204634
0,(636,588),1205633
0,(626,588),1206633
0,(614,586),1207652
0,(602,584),1208642
0,(592,582),1209642
0,(580,580),1210643
0,(570,578),1211643
0,(558,576),1212643
0,(548,572),1213643
0,(538,570),1214644
0,(526,568),1215642
0,(516,566),1216648
0,(506,562),1217641
0,(496,560),1218641
0,(486,556),1219644
0,(476,554),1220645
0,(466,550),1221645
0,(456,546),1222644
0,(448,544),1223644
0,(438,540),1224652
0,(428,536),1225644
0,(420,532),1226645
0,(412,530),1227644
0,(404,526),1228646
0,(394,522),1229645
0,(386,518),1230645
0,(380,514),1231644
0,(372,510),1232645
0,(364,506),1233645
0,(358,502),1234646
0,(352,498),1235647
0,(346,496),1236645
0,(340,492),1237644
0,(334,488),1238643
0,(328,484),1239644
0,(322,480),1240648
0,(318,476),1241646
0,(314,472),1242648
0,(310,468),1243645
0,(306,464),1244644
0,(302,462),1245645
0,(298,458),1246645
0,(296,454),1247648
0,(292,450),1248649
0,(292,449),1249646
0,(290,447),1250648
0,(288,443),1251647
0,(286,439),1252648
0,(284,437),1253649
0,(284,433),1254647
0,(284,431),1255651
0,(282,427),1256648
0,(282,425),1257645
0,(282,421),1258645
0,(282,419),1259645
0,(282,415),1260647
0,(282,413),1261648
0,(284,409),1262652
0,(284,407),1263648
0,(286,404),1264649
0,(288,402),1265648
0,(290,400),1266650
0,(292,396),1267649
0,(294,394),1268650
0,(296,390),1269649
0,(298,388),1270650
0,(302,384),1271649
0,(304,380),1272650
0,(308,378),1273651
0,(312,374),1274651
0,(316,372),1275650
0,(320,368),1276653
0,(324,366),1277652
0,(328,362),1278649
0,(332,358),1279650
0,(338,356),1280643
0,(342,352),1281644
0,(348,350),1282643
0,(354,346),1283648
0,(358,344),1284646
0,(366,340),1285646
0,(372,336),1286645
0,(378,334),1287645
0,(384,330),1288644
0,(392,328),1289643
0,(398,324),1290648
0,(406,322),1291645
0,(414,318),1292646
0,(422,316),1293646
0,(430,312),1294646
0,(438,310),1295645
0,(446,308),1296646
0,(450,306),1297648
0,(458,304),1298647
0,(468,300),1299646
0,(476,298),1300670
0,(486,294),1301649
0,(496,292),1302647
0,(506,290),1303638
0,(514,288),1304651
0,(524,284),1305647
0,(534,282),1306646
0,(546,280),1307653
0,(556,278),1308662
0,(566,276),1309650
0,(578,274),1310648
0,(588,272),1311650
0,(598,270),1312649
0,(610,268),1313648
0,(620,266),1314648
0,(632,264),1315649
0,(644,262),1316648
0,(654,260),1317647
0,(666,258),1318650
0,(678,258),1319649
0,(688,256),1320649
0,(700,254),1321652
0,(712,254),1322649
0,(724,252),1323649
0,(734,252),1324649
0,(746,250),1325653
0,(758,250),1326650
0,(770,248),1327649
0,(780,248),1328649
0,(792,248),1329651
0,(804,246),1330643
0,(814,246),1331649
0,(826,246),1332643
0,(838,246),1333650
0,(848,246),1334650
0,(860,246),1335650
0,(870,246),1336642
0,(882,246),1337650
0,(892,246),1338650
0,(902,246),1339653
0,(914,246),1340652
0,(924,246),1341650
0,(934,246),1342650
0,(944,246),1343650
0,(954,248),1344653
0,(964,248),1345651
0,(970,248),1346654
0,(978,250),1347653
0,(988,250),1348652
0,(998,252),1349657
0,(1006,252),1350652
0,(1016,254),1351653
0,(1024,256),1352653
0,(1034,256),1353654
0,(1042,258),1354654
0,(1050,258),1355653
0,(1058,260),1356654
0,(1066,262),1357654
0,(1074,264),1358654
0,(1082,266),1359652
0,(1088,268),1360655
0,(1096,270),1361654
0,(1102,272),1362654
0,(1110,274),1363654
0,(1116,276),1364655
0,(1122,278),1365654
0,(1128,280),1366654
0,(1134,282),1367657
0,(1140,284),1368656
0,(1144,286),1369654
0,(1150,290),1370655
0,(1154,292),1371654
0,(1160,294),1372655
0,(1164,298),1373657
0,(1168,300),1374657
0,(1172,304),1375656
0,(1176,306),1376655
0,(1178,308),1377655
0,(1182,312),1378655
0,(1186,314),1379656
0,(1188,318),1380727
0,(1190,322),1381657
0,(1194,324),1382657
0,(1196,328),1383657
0,(1198,330),1384656
0,(1200,334),1385655
0,(1200,338),1386655
0,(1202,340),1387676
0,(1204,344),1388656
0,(1204,348),1389657
0,(1204,349),1390656
0,(1206,353),1391656
0,(1206,357),1392656
0,(1206,359),1393657
0,(1206,363),1394662
0,(1206,365),1395658
0,(1206,369),1396658
0,(1204,373),1397658
0,(1204,375),1398658
0,(1202,379),1399658
0,(1200,383),1400661
0,(1200,387),1401661
0,(1198,391),1402660
0,(1194,395),1403659
0,(1192,399),1404659
0,(1190,403),1405659
0,(1186,407),1406658
0,(1184,409),1407658
0,(1180,413),1408676
0,(1176,417),1409661
0,(1174,421),1410660
0,(1170,425),1411660
0,(1166,429),1412660
0,(1162,433),1413660
0,(1156,437),1414658
0,(1152,441),1415662
0,(1148,445),1416661
0,(1142,449),1417661
0,(1138,453),1418661
0,(1132,457),1419661
0,(1126,459),1420640
0,(1120,463),1421661
0,(1114,467),1422664
0,(1108,471),1423662
0,(1102,475),1424662
0,(1096,479),1425661
0,(1088,481),1426663
0,(1082,485),1427662
0,(1074,489),1428662
0,(1068,493),1429665
0,(1060,495),1430661
0,(1052,499),1431663
0,(1046,503),1432664
0,(1038,505),1433662
0,(1030,509),1434663
0,(1022,511),1435663
0,(1014,515),1436667
0,(1004,517),1437664
0,(996,521),1438663
0,(988,523),1439663
0,(978,525),1440663
0,(970,529),1441665
0,(960,531),1442665
0,(952,533),1443667
0,(948,535),1444665
0,(938,537),1445665
0,(928,539),1446664
0,(920,541),1447664
0,(910,543),1448665
0,(900,545),1449666
0,(890,547),1450666
0,(880,549),1451666
0,(872,551),1452665
0,(862,551),1453652
0,(852,553),1454667
0,(842,555),1455665
0,(832,557),1456666
0,(822,557),1457669
0,(812,559),1458667
0,(802,559),1459666
0,(792,561),1460666
0,(784,561),1461667
0,(774,561),1462668
0,(764,563),1463667
0,(754,563),1464672
0,(744,563),1465667
0,(734,563),1466667
0,(724,563),1467667
0,(714,563),1468666
0,(704,565),1469668
0,(696,565),1470667
0,(686,565),1471670
0,(676,565),1472668
0,(666,565),1475683
0,(658,565),1476681
0,(648,565),1477669
0,(638,565),1478671
0,(630,563),1479669
0,(620,563),1480671
0,(610,561),1481669
0,(602,561),1482669
0,(592,561),1483669
0,(566,557),1484669
0,(558,555),1485673
0,(550,555),1486669
0,(542,553),1487670
0,(534,551),1488669
0,(526,549),1489668
0,(518,549),1490670
0,(510,547),1491670
0,(502,545),1492674
0,(498,543),1493671
0,(490,541),1494670
0,(484,539),1495670
0,(476,537),1496672
0,(470,535),1497669
0,(464,533),1498673
0,(458,531),1499674
0,(450,529),1500673
0,(444,527),1501673
0,(440,525),1502672
0,(434,523),1503683
0,(428,521),1504672
0,(424,519),1505737
0,(418,515),1506671
0,(414,513),1507671
0,(410,511),1508689
0,(404,509),1509675
0,(400,507),1510673
0,(398,503),1511673
0,(394,501),1512686
0,(390,499),1513673
0,(388,497),1514674
0,(384,493),1515673
0,(382,491),1516672
0,(380,489),1517674
0,(378,487),1518673
0,(376,485),1519675
0,(374,481),1520674
0,(372,479),1521709
0,(372,477),1522674
0,(370,475),1523674
0,(370,473),1524674
0,(370,472),1525674
0,(369,470),1526676
0,(369,468),1527672
0,(369,466),1528675
0,(369,465),1529676
0,(369,463),1530675
0,(369,461),1531675
0,(369,460),1532674
0,(369,458),1533676
0,(370,456),1534675
0,(370,454),1535675
0,(372,452),1536675
0,(374,451),1539689
0,(376,447),1540681
0,(378,443),1541676
0,(380,441),1542676
0,(384,437),1543676
0,(386,435),1544676
0,(388,433),1545675
0,(392,431),1546676
0,(394,427),1547678
0,(396,425),1548675
0,(400,421),1549674
0,(402,419),1550675
0,(406,417),1551676
0,(412,411),1552676
0,(414,407),1553678
0,(418,405),1554682
0,(422,401),1555678
0,(426,399),1556677
0,(430,395),1557678
0,(432,391),1558678
0,(436,389),1559679
0,(442,385),1560692
0,(446,381),1561681
0,(450,379),1562679
0,(453,375),1566694
0,(463,370),1567693
0,(473,364),1568682
0,(477,360),1569680
0,(483,358),1570680
0,(489,354),1571680
0,(499,348),1572680
0,(505,346),1573680
0,(511,342),1574679
0,(517,340),1575683
0,(523,336),1576681
0,(529,334),1577680
0,(535,330),1578681
0,(541,328),1579681
0,(549,326),1580680
0,(555,324),1581683
0,(561,320),1582682
0,(567,318),1583680
0,(575,316),1584680
0,(581,314),1585682
0,(589,312),1586683
0,(595,310),1587682
0,(603,308),1588682
0,(609,306),1589687
0,(613,306),1590682
0,(621,304),1591682
0,(629,302),1592684
0,(635,302),1593683
0,(643,300),1594683
0,(651,298),1595683
0,(659,298),1596685
0,(667,296),1597684
0,(673,296),1598683
0,(681,296),1599683
0,(689,296),1600685
0,(697,294),1601683
0,(707,294),1602689
0,(715,294),1603687
0,(723,294),1604684
0,(731,294),1605683
0,(739,294),1606683
0,(747,294),1607684
0,(757,294),1608698
0,(765,294),1609687
0,(773,296),1610687
0,(781,296),1611685
0,(791,298),1612685
0,(799,298),1613685
0,(807,300),1614686
0,(815,300),1615685
0,(825,302),1616684
0,(833,304),1617686
0,(841,306),1618684
0,(849,308),1619685
0,(857,310),1620688
0,(867,312),1621686
0,(875,314),1622687
0,(883,316),1623689
0,(891,318),1624690
0,(899,320),1625685
0,(907,322),1626686
0,(915,326),1627686
0,(923,328),1628687
0,(931,330),1629687
0,(939,332),1630744
0,(947,336),1631689
0,(953,338),1632688
0,(961,342),1633689
0,(969,344),1634688
0,(975,346),1635686
0,(983,350),1636688
0,(989,354),1637691
0,(993,354),1638689
0,(1001,358),1639688
0,(1007,362),1640691
0,(1013,364),1641689
0,(1019,368),1642688
0,(1027,370),1643689
0,(1033,374),1644691
0,(1039,378),1645688
0,(1045,382),1646690
0,(1051,384),1647689
0,(1055,388),1648690
0,(1061,392),1649689
0,(1067,396),1650690
0,(1071,400),1651691
0,(1077,404),1652690
0,(1081,408),1653689
0,(1087,412),1654691
0,(1091,416),1655691
0,(1095,420),1656692
0,(1099,424),1657691
0,(1105,428),1658694
0,(1109,432),1659691
0,(1111,436),1660692
0,(1115,440),1661691
0,(1119,444),1662689
0,(1123,448),1663691
0,(1125,454),1664691
0,(1129,458),1665694
0,(1131,462),1666694
0,(1133,466),1667692
0,(1135,470),1668692
0,(1139,476),1669708
0,(1141,480),1670691
0,(1141,484),1671692
0,(1143,488),1672695
0,(1145,494),1673692
0,(1147,498),1674693
0,(1147,502),1675692
0,(1149,506),1676692
0,(1149,512),1677692
0,(1151,516),1678693
0,(1151,520),1679695
0,(1151,524),1680687
0,(1151,530),1681693
0,(1151,534),1682692
0,(1151,538),1683693
0,(1151,542),1684694
0,(1151,546),1685711
0,(1151,552),1686698
0,(1151,554),1687701
0,(1149,557),1688695
0,(1149,561),1689695
0,(1147,565),1690695
0,(1147,569),1691694
0,(1145,573),1692695
0,(1143,579),1693697
0,(1141,583),1694695
0,(1139,587),1695695
0,(1137,591),1696695
0,(1135,595),1697696
0,(1131,599),1698695
0,(1129,603),1699696
0,(1125,607),1700713
0,(1123,611),1701699
0,(1119,615),1702696
0,(1117,619),1703696
0,(1113,623),1704697
0,(1109,627),1705696
0,(1105,631),1706696
0,(1101,635),1707699
0,(1097,637),1708712
0,(1093,641),1709698
0,(1089,645),1710696
0,(1083,649),1711696
0,(1079,651),1712695
0,(1073,655),1713698
0,(1069,657),1714699
0,(1063,661),1715696
0,(1057,663),1716697
0,(1053,667),1717700
0,(1047,669),1718699
0,(1041,673),1719698
0,(1033,675),1720699
0,(1027,677),1721703
0,(1021,679),1722699
0,(1015,681),1723699
0,(1007,683),1724699
0,(1001,687),1725698
0,(993,687),1726699
0,(985,689),1727700
0,(977,691),1728702
0,(969,693),1729700
0,(961,695),1730701
0,(953,695),1731700
0,(945,697),1732700
0,(937,697),1733701
0,(927,699),1734698
0,(923,699),1735703
0,(913,699),1736701
0,(905,699),1737700
0,(895,701),1738701
0,(885,701),1739700
0,(875,701),1740702
0,(865,701),1741701
0,(855,701),1742703
0,(845,701),1743702
0,(835,701),1744702
0,(825,701),1745701
0,(815,701),1746701
0,(803,699),1747701
0,(793,699),1748704
0,(781,697),1749705
0,(771,695),1750702
0,(759,695),1751702
0,(749,693),1752703
0,(737,691),1753702
0,(727,689),1754704
0,(715,687),1755751
0,(703,685),1756703
0,(693,683),1757702
0,(681,681),1758703
0,(669,679),1759703
0,(659,675),1760705
0,(647,673),1761704
0,(637,671),1762708
0,(625,667),1763705
0,(613,663),1764705
0,(603,661),1765706
0,(591,657),1766705
0,(579,655),1767704
0,(569,651),1768704
0,(557,647),1769708
0,(545,643),1770704
0,(535,639),1771705
0,(523,635),1772705
0,(513,631),1773705
0,(503,627),1774706
0,(491,623),1775705
0,(481,619),1776709
0,(469,615),1777706
0,(459,611),1778706
0,(449,607),1779705
0,(439,603),1780706
0,(429,599),1781705
0,(417,593),1782706
0,(407,589),1783708
0,(397,585),1784706
0,(393,581),1785709
0,(383,577),1786707
0,(373,573),1787708
0,(363,567),1788707
0,(355,563),1789707
0,(345,557),1790710
0,(335,553),1791707
0,(327,547),1792707
0,(317,543),1793708
0,(309,537),1794706
0,(301,533),1795708
0,(291,527),1796708
0,(283,523),1797711
0,(275,519),1798709
0,(267,513),1799708
0,(259,509),1800709
0,(253,503),1801709
0,(245,499),1802709
0,(237,493),1803709
0,(231,489),1804709
0,(225,483),1805708
0,(219,479),1806709
0,(211,473),1807708
0,(207,469),1808724
0,(201,463),1809712
0,(195,459),1810709
0,(189,453),1811714
0,(185,449),1812710
0,(181,445),1813711
0,(175,439),1814710
0,(171,435),1815710
0,(167,431),1816709
0,(163,425),1817711
0,(161,421),1818714
0,(157,417),1819711
0,(155,411),1820691
0,(151,407),1821712
0,(149,403),1822712
0,(147,399),1823712
0,(145,393),1824710
0,(143,389),1825714
0,(141,385),1826712
0,(141,381),1827712
0,(141,377),1828712
0,(139,373),1829714
0,(139,367),1830711
0,(139,363),1831712
0,(139,359),1832715
0,(139,355),1833713
0,(139,353),1834711
0,(139,350),1835712
0,(139,346),1836712
0,(139,342),1837713
0,(141,338),1838711
0,(143,334),1839713
0,(145,330),1840712
0,(145,326),1841715
0,(147,322),1843724
0,(151,318),1844726
0,(155,310),1845713
0,(159,306),1846717
0,(161,302),1847714
0,(165,298),1848713
0,(169,294),1849713
0,(173,290),1850714
0,(177,286),1851714
0,(181,282),1852715
0,(185,278),1853717
0,(191,276),1854714
0,(195,272),1855715
0,(201,268),1856715
0,(205,264),1857715
0,(211,262),1858715
0,(217,258),1859713
0,(223,256),1860719
0,(229,252),1861717
0,(237,250),1862715
0,(243,246),1863716
0,(249,244),1864715
0,(257,240),1865716
0,(265,238),1866716
0,(273,236),1867719
0,(281,234),1869728
0,(289,232),1870731
0,(297,228),1871716
0,(313,224),1872716
0,(323,222),1873721
0,(333,222),1874718
0,(341,220),1875718
0,(351,218),1876718
0,(361,216),1877717
0,(371,214),1878718
0,(381,214),1879717
0,(391,212),1880759
0,(401,212),1881717
0,(413,212),1883730
0,(417,210),1884732
0,(429,210),1885717
0,(451,208),1886718
0,(463,208),1887722
0,(473,208),1888719
0,(485,208),1889719
0,(497,208),1890719
0,(507,208),1891718
0,(519,208),1892718
0,(531,208),1893720
0,(543,208),1894721
0,(555,208),1895719
0,(565,210),1896719
0,(577,210),1897719
0,(589,212),1898720
0,(601,212),1899720
0,(613,214),1900721
0,(625,216),1901722
0,(637,216),1902719
0,(649,218),1903721
0,(659,220),1904720
0,(671,222),1905720
0,(683,224),1906720
0,(695,226),1907720
0,(705,226),1908737
0,(717,228),1909723
0,(729,230),1910722
0,(739,232),1911721
0,(751,236),1912722
0,(761,238),1913722
0,(773,240),1914722
0,(783,242),1915725
0,(793,244),1916721
0,(805,248),1917723
0,(815,250),1918723
0,(825,252),1919722
0,(835,256),1920723
0,(845,258),1921723
0,(855,262),1922726
0,(867,264),1923723
0,(875,268),1924724
0,(885,270),1925723
0,(895,274),1926723
0,(905,278),1927723
0,(913,282),1928724
0,(923,284),1929726
0,(927,286),1930724
0,(935,290),1931725
0,(945,294),1932725
0,(953,298),1933724
0,(961,302),1934724
0,(969,306),1935724
0,(975,310),1936727
0,(983,314),1937725
0,(991,318),1938724
0,(997,322),1939726
0,(1005,326),1940718
0,(1011,330),1941725
0,(1017,334),1942726
0,(1023,338),1943727
0,(1029,344),1944726
0,(1035,348),1945726
0,(1039,352),1946726
0,(1045,356),1947726
0,(1049,362),1948725
0,(1055,366),1949726
0,(1059,370),1950729
0,(1063,374),1951726
0,(1067,378),1952725
0,(1071,384),1953727
0,(1075,388),1954714
0,(1077,392),1955727
0,(1081,396),1956727
0,(1083,402),1957731
0,(1085,406),1958727
0,(1087,410),1959727
0,(1089,414),1960743
0,(1091,420),1961729
0,(1093,424),1962727
0,(1093,428),1963728
0,(1095,432),1964731
0,(1095,436),1965729
0,(1097,442),1966729
0,(1097,446),1967728
0,(1097,450),1968728
0,(1097,454),1969728
0,(1097,458),1970729
0,(1097,462),1971731
0,(1097,468),1972729
0,(1095,472),1973729
0,(1093,476),1974730
0,(1093,480),1975729
0,(1091,484),1976730
0,(1089,488),1977730
0,(1087,492),1978733
0,(1085,496),1979729
0,(1083,500),1980730
0,(1079,504),1981733
0,(1077,508),1982731
0,(1073,512),1983731
0,(1069,516),1984730
0,(1067,522),1985733
0,(1063,526),1986731
0,(1059,530),1987731
0,(1053,534),1988731
0,(1049,538),1989732
0,(1045,542),1990732
0,(1039,546),1991731
0,(1035,550),1992734
0,(1029,554),1993732
0,(1023,558),1994732
0,(1017,560),1995732
0,(1011,564),1996732
0,(1005,568),1997745
0,(999,572),1998737
0,(993,574),1999733
0,(985,578),2000735
0,(979,582),2001733
0,(971,584),2002733
0,(963,588),2003733
0,(957,590),2004741
0,(949,592),2005763
0,(941,596),2006732
0,(933,598),2007733
0,(925,600),2008749
0,(915,602),2009736
0,(907,604),2010734
0,(899,606),2011734
0,(891,608),2012738
0,(881,610),2013735
0,(873,612),2014735
0,(863,614),2015735
0,(855,614),2016734
0,(845,616),2017734
0,(835,616),2018735
0,(827,618),2019736
0,(817,618),2020737
0,(807,620),2021737
0,(797,620),2022735
0,(789,620),2023736
0,(779,620),2024735
0,(769,620),2025736
0,(765,620),2026738
0,(755,620),2027736
0,(745,620),2028737
0,(735,620),2029735
0,(725,620),2030736
0,(715,620),2031735
0,(705,620),2032736
0,(695,620),2033739
0,(687,620),2034736
0,(677,618),2035737
0,(667,618),2036736
0,(657,616),2037737
0,(647,616),2038737
0,(639,614),2039738
0,(629,612),2040743
0,(619,612),2041739
0,(611,610),2042738
0,(601,608),2043739
0,(591,606),2044737
0,(583,604),2045740
0,(573,602),2046738
0,(565,600),2047741
0,(557,598),2048738
0,(547,596),2049740
0,(539,594),2050739
0,(531,592),2051739
0,(523,590),2052739
0,(515,588),2053739
0,(507,584),2054742
0,(499,582),2055744
0,(491,580),2056740
0,(483,576),2057739
0,(475,574),2058740
0,(469,572),2059740
0,(461,568),2060741
0,(455,566),2061742
0,(447,564),2062741
0,(441,560),2063741
0,(435,558),2064742
0,(427,554),2065741
0,(421,552),2066741
0,(415,548),2067741
0,(411,546),2068755
0,(405,544),2069742
0,(399,540),2070741
0,(395,538),2071743
0,(389,534),2072742
0,(385,532),2073742
0,(383,530),2074743
0,(377,528),2075744
0,(373,524),2076743
0,(369,522),2077743
0,(365,520),2078743
0,(363,516),2079743
0,(359,514),2080721
0,(355,512),2081744
0,(353,508),2082747
0,(351,506),2083743
0,(347,504),2084743
0,(345,500),2085745
0,(343,498),2086744
0,(341,496),2087743
0,(339,494),2088743
0,(339,492),2089746
0,(337,490),2090745
0,(337,486),2091744
0,(335,484),2092750
0,(335,482),2093743
0,(335,480),2094743
0,(333,479),2095745
0,(333,477),2096746
0,(333,475),2097744
0,(333,473),2098744
0,(333,472),2099744
0,(333,470),2100768
0,(333,468),2101746
0,(334,467),2105763
0,(336,463),2106748
0,(338,461),2107746
0,(342,455),2108761
0,(344,453),2109749
0,(346,451),2110749
0,(348,449),2111746
0,(350,447),2112747
0,(352,445),2113746
0,(354,443),2114747
0,(358,441),2115747
0,(360,439),2116748
0,(364,437),2117750
0,(366,435),2118747
0,(370,431),2119747
0,(374,429),2120750
0,(378,427),2121747
0,(382,425),2122748
0,(384,423),2123818
0,(388,421),2124748
0,(392,419),2125747
0,(396,417),2126751
0,(402,415),2127748
0,(406,411),2128749
0,(412,409),2129748
0,(418,407),2130771
0,(422,405),2131750
0,(428,403),2132750
0,(434,401),2133751
0,(440,399),2134748
0,(446,395),2135748
0,(454,393),2136749
0,(460,391),2137751
0,(466,389),2138750
0,(474,387),2139750
0,(480,385),2140751
0,(488,383),2141751
0,(494,381),2142749
0,(502,379),2143750
0,(510,377),2144752
0,(518,375),2145750
0,(524,371),2146750
0,(532,369),2147750
0,(542,367),2148751
0,(550,365),2149752
0,(558,363),2150751
0,(566,361),2151753
0,(574,359),2152751
0,(584,357),2153751
0,(592,355),2154752
0,(602,353),2155787
0,(610,353),2156763
0,(620,351),2157764
0,(630,349),2158764
0,(638,347),2159763
0,(648,345),2160763
0,(658,343),2161764
0,(668,341),2162763
0,(676,341),2163764
0,(686,339),2164764
0,(696,337),2165764
0,(706,335),2166764
0,(716,333),2167763
0,(728,333),2168763
0,(738,331),2169764
0,(748,329),2170766
0,(758,329),2171764
0,(768,327),2172765
0,(780,325),2173765
0,(790,325),2174764
0,(796,325),2175764
0,(806,323),2176766
0,(816,323),2177765
0,(828,321),2178765
0,(838,321),2179766
0,(850,319),2180766
0,(860,319),2181767
0,(870,319),2182765
0,(882,317),2183766
0,(892,317),2184766
0,(904,317),2185766
0,(914,315),2186766
0,(926,315),2187766
0,(936,315),2188765
0,(946,315),2189766
0,(958,315),2190767
0,(968,315),2191767
0,(980,315),2192766
0,(990,315),2193770
0,(1000,315),2194767
0,(1012,315),2195765
0,(1022,315),2196765
0,(1032,315),2197765
0,(1042,315),2198767
0,(1054,315),2199768
0,(1064,315),2200844
0,(1074,315),2201769
0,(1084,315),2202768
0,(1094,317),2203769
0,(1104,317),2204768
0,(1114,317),2205767
0,(1124,319),2206767
0,(1134,319),2207768
0,(1144,321),2208779
0,(1152,321),2209771
0,(1162,321),2210769
0,(1172,323),2211769
0,(1180,325),2212770
0,(1190,325),2213790
0,(1198,327),2214789
0,(1206,327),2215779
0,(1216,329),2216788
0,(1224,331),2217789
0,(1232,331),2218790
0,(1240,333),2219791
0,(1248,335),2220792
0,(1256,337),2221791
0,(1262,339),2222791
0,(1270,339),2223790
0,(1278,341),2224791
0,(1282,343),2225790
0,(1288,345),2226791
0,(1296,347),2227792
0,(1302,349),2228792
0,(1308,351),2229791
0,(1314,353),2230791
0,(1322,355),2231792
0,(1328,357),2232791
0,(1334,359),2233792
0,(1338,361),2234792
0,(1344,363),2235793
0,(1350,365),2236792
0,(1356,367),2237792
0,(1360,369),2240806
0,(1366,373),2241798
0,(1370,375),2242792
0,(1384,383),2243794
0,(1388,385),2244793
0,(1392,389),2245794
0,(1396,391),2246793
0,(1400,393),2247793
0,(1404,397),2248860
0,(1406,399),2249793
0,(1410,403),2250794
0,(1414,405),2251793
0,(1416,409),2252794
0,(1420,413),2253794
0,(1422,415),2254794
0,(1424,419),2255804
0,(1426,421),2256793
0,(1428,425),2257795
0,(1432,429),2258795
0,(1434,431),2259794
0,(1436,435),2260794
0,(1436,439),2261796
0,(1438,443),2262795
0,(1440,445),2263795
0,(1440,449),2264794
0,(1442,453),2265795
0,(1442,457),2266795
0,(1444,461),2267796
0,(1444,463),2268796
0,(1444,467),2269796
0,(1446,471),2270797
0,(1446,475),2271796
0,(1446,479),2272796
0,(1446,483),2273796
0,(1446,487),2274796
0,(1446,489),2275797
0,(1446,491),2276796
0,(1446,494),2277798
0,(1444,498),2278798
0,(1444,502),2279796
0,(1442,506),2280828
0,(1442,510),2281798
0,(1440,512),2282799
0,(1438,516),2283798
0,(1438,520),2284798
0,(1436,524),2285799
0,(1434,528),2286799
0,(1432,532),2287798
0,(1430,534),2288798
0,(1428,538),2289799
0,(1426,542),2290799
0,(1422,546),2291800
0,(1420,548),2292799
0,(1418,552),2293799
0,(1414,556),2294799
0,(1412,560),2295798
0,(1408,562),2296798
0,(1406,566),2297796
0,(1402,570),2298799
0,(1398,574),2299799
0,(1394,576),2300801
0,(1390,580),2301800
0,(1386,584),2302799
0,(1384,586),2303799
0,(1378,590),2304799
0,(1374,592),2305799
0,(1370,596),2306799
0,(1366,600),2307799
0,(1362,602),2308801
0,(1356,606),2309802
0,(1352,608),2312824
0,(1346,612),2313821
0,(1342,614),2314803
0,(1326,622),2315803
0,(1320,626),2316802
0,(1314,628),2317803
0,(1308,630),2318803
0,(1302,632),2319801
0,(1296,636),2320804
0,(1290,638),2321803
0,(1284,640),2322804
0,(1276,642),2323803
0,(1270,644),2324804
0,(1264,646),2325803
0,(1256,648),2326803
0,(1254,650),2327803
0,(1246,652),2328803
0,(1240,654),2329805
0,(1232,656),2330804
0,(1224,656),2331805
0,(1218,658),2332804
0,(1210,660),2333802
0,(1202,662),2334805
0,(1194,664),2335805
0,(1186,664),2336804
0,(1178,666),2337805
0,(1170,666),2338804
0,(1162,668),2339806
0,(1154,668),2340806
0,(1146,670),2341807
0,(1138,670),2342805
0,(1128,672),2343806
0,(1120,672),2344805
0,(1112,672),2345807
0,(1104,672),2346805
0,(1094,674),2347807
0,(1086,674),2348807
0,(1076,674),2349807
0,(1068,674),2350806
0,(1058,674),2351804
0,(1050,674),2352806
0,(1040,674),2353806
0,(1032,674),2354806
0,(1022,674),2355804
0,(1012,674),2356805
0,(1004,674),2357805
0,(994,674),2358807
0,(986,672),2359807
0,(976,672),2360799
0,(968,672),2361808
0,(958,670),2362807
0,(948,670),2363807
0,(940,668),2364808
0,(930,668),2365809
0,(920,666),2366809
0,(912,664),2367811
0,(902,662),2368810
0,(892,662),2369808
0,(884,660),2370808
0,(874,658),2371809
0,(864,656),2372809
0,(854,654),2373867
0,(846,652),2374810
0,(836,650),2375810
0,(828,648),2376810
0,(818,646),2377810
0,(810,644),2378810
0,(800,642),2379811
0,(796,640),2380825
0,(788,638),2381811
0,(778,636),2382809
0,(770,632),2383811
0,(762,630),2384811
0,(752,628),2385811
0,(744,624),2386811
0,(736,622),2387811
0,(728,618),2388811
0,(720,616),2389810
0,(712,614),2390811
0,(704,610),2391812
0,(696,606),2392812
0,(688,604),2393811
0,(680,600),2394811
0,(674,598),2395810
0,(666,594),2396810
0,(660,592),2397811
0,(652,588),2398814
0,(646,584),2399812
0,(638,582),2400814
0,(632,578),2401812
0,(626,574),2402814
0,(620,572),2403813
0,(612,568),2404814
0,(608,564),2405788
0,(602,560),2406812
0,(596,558),2407812
0,(590,554),2408814
0,(586,550),2409813
0,(580,546),2410814
0,(576,544),2411815
0,(570,540),2412814
0,(566,536),2413811
0,(562,532),2414811
0,(558,530),2415813
0,(552,526),2416811
0,(548,522),2417810
0,(546,518),2418810
0,(542,516),2419812
0,(538,512),2420814
0,(536,508),2421813
0,(532,504),2422813
0,(530,502),2423812
0,(526,498),2424813
0,(524,494),2425813
0,(522,492),2426813
0,(520,488),2427813
0,(518,484),2428814
0,(516,480),2429813
0,(514,478),2430814
0,(514,474),2431814
0,(512,472),2432812
0,(512,468),2433814
0,(512,466),2434813
0,(510,462),2435815
0,(510,458),2436814
0,(510,456),2437816
0,(510,453),2438815
0,(510,451),2439813
0,(510,447),2440814
0,(510,445),2441815
0,(510,441),2442814
0,(510,439),2443816
0,(510,435),2444816
0,(510,431),2445814
0,(512,429),2446815
0,(514,425),2447815
0,(514,423),2448810
0,(516,419),2449815
0,(518,417),2450816
0,(520,413),2451815
0,(522,411),2452815
0,(524,407),2453817
0,(528,403),2454816
0,(530,401),2455816
0,(532,397),2456816
0,(536,393),2457816
0,(538,391),2458817
0,(542,387),2459817
0,(546,383),2460781
0,(550,381),2461817
0,(554,377),2462817
0,(558,373),2463816
0,(562,369),2464818
0,(566,367),2465817
0,(570,363),2466818
0,(576,359),2467818
0,(580,355),2468817
0,(586,353),2469820
0,(590,349),2470816
0,(596,345),2471817
0,(602,341),2472818
0,(608,339),2473793
0,(614,335),2474792
0,(620,331),2475792
0,(626,329),2476791
0,(632,325),2477791
0,(640,321),2478795
0,(646,319),2479793
0,(652,315),2480792
0,(656,313),2481792
0,(664,311),2482793
0,(670,307),2483791
0,(678,303),2484793
0,(686,301),2485795
0,(694,297),2486792
0,(702,295),2487793
0,(710,291),2488793
0,(718,289),2489792
0,(728,285),2490793
0,(736,281),2491796
0,(744,279),2492795
0,(754,275),2493794
0,(762,273),2494794
0,(772,269),2495794
0,(780,267),2496793
0,(790,263),2497794
0,(800,259),2498844
0,(810,257),2499795
0,(818,253),2500796
0,(828,251),2501796
0,(838,247),2502795
0,(848,245),2503795
0,(858,241),2504794
0,(868,239),2505799
0,(878,235),2506795
0,(888,233),2507794
0,(900,229),2508810
0,(910,227),2509798
0,(920,225),2510796
0,(930,221),2511796
0,(942,219),2512798
0,(952,217),2513796
0,(962,215),2514796
0,(974,211),2515796
0,(984,209),2516797
0,(996,207),2517795
0,(1006,205),2518796
0,(1018,203),2519799
0,(1028,201),2520798
0,(1040,199),2521799
0,(1050,197),2522798
0,(1062,195),2523797
0,(1072,193),2524797
0,(1084,191),2525795
0,(1094,189),2526801
0,(1106,187),2527798
0,(1118,185),2528798
0,(1122,185),2529798
0,(1134,183),2530798
0,(1146,181),2531799
0,(1156,181),2532799
0,(1168,179),2533802
0,(1180,177),2534800
0,(1192,177),2535799
0,(1202,175),2536799
0,(1214,175),2537798
0,(1226,173),2538797
0,(1236,173),2539798
0,(1248,171),2540805
0,(1258,171),2541800
0,(1270,171),2542800
0,(1282,169),2543800
0,(1292,169),2544798
0,(1304,169),2545799
0,(1314,169),2546798
0,(1326,167),2547804
0,(1336,167),2548800
0,(1348,167),2549800
0,(1360,167),2550801
0,(1370,167),2551800
0,(1382,167),2552802
0,(1392,167),2553801
0,(1404,167),2554803
0,(1414,167),2555801
0,(1424,167),2556801
0,(1436,167),2557800
0,(1446,169),2558802
0,(1458,169),2559802
0,(1468,169),2560805
0,(1478,171),2561805
0,(1490,171),2562802
0,(1500,173),2563804
0,(1510,173),2564801
0,(1520,175),2565803
0,(1532,177),2566803
0,(1542,177),2567803
0,(1552,179),2568805
0,(1562,179),2569804
0,(1572,181),2570804
0,(1582,183),2571802
0,(1592,185),2572803
0,(1600,187),2573804
0,(1610,187),2574803
0,(1620,189),2575806
0,(1624,191),2578819
0,(1634,193),2579817
0,(1644,195),2580805
0,(1672,201),2581804
0,(1680,203),2582807
0,(1688,205),2583805
0,(1698,207),2585111
0,(1706,209),2585809
0,(1714,211),2586806
0,(1724,215),2587805
0,(1732,217),2588806
0,(1740,219),2589811
0,(1748,221),2590810
0,(1756,225),2591806
0,(1762,227),2592806
0,(1770,229),2593808
0,(1778,233),2594809
0,(1786,235),2595809
0,(1792,239),2596810
0,(1800,241),2597810
0,(1806,245),2598809
0,(1814,247),2599809
0,(1820,251),2600957
0,(1826,253),2601809
0,(1832,257),2602807
0,(1838,259),2603812
0,(1844,263),2604807
0,(1850,267),2605806
0,(1856,269),2606808
0,(1860,273),2607808
0,(1866,277),2608823
0,(1872,279),2609809
0,(1876,283),2610804
0,(1880,287),2611808
0,(1886,291),2612809
0,(1890,293),2613809
0,(1894,297),2614808
0,(1898,301),2615808
0,(1900,305),2616812
0,(1904,309),2617811
0,(1908,311),2618808
0,(1910,315),2619810
0,(1914,319),2620811
0,(1916,323),2621808
0,(1918,327),2622809
0,(1919,329),2623852
0,(1919,331),2624808
0,(1919,335),2625808
0,(1919,339),2626809
0,(1919,343),2627821
0,(1919,345),2628812
0,(1919,349),2629812
0,(1919,353),2630813
0,(1919,357),2631892
0,(1919,359),2632870
0,(1919,363),2633811
0,(1919,367),2634814
0,(1919,371),2635898
0,(1919,373),2636811
0,(1919,377),2637813
0,(1919,381),2638810
0,(1919,385),2639811
0,(1919,387),2640814
0,(1919,390),2641812
0,(1919,394),2642812
0,(1919,396),2643811
0,(1919,400),2644814
0,(1917,402),2645813
0,(1917,406),2646813
0,(1915,410),2647814
0,(1915,412),2648812
0,(1913,416),2649813
0,(1913,418),2650812
0,(1911,422),2651818
0,(1909,424),2652814
0,(1909,428),2653814
0,(1907,430),2654814
0,(1905,432),2655814
0,(1903,436),2656815
0,(1901,438),2657815
0,(1899,440),2658815
0,(1897,444),2659814
0,(1895,446),2660817
0,(1893,448),2661815
0,(1891,450),2662815
0,(1889,452),2663814
0,(1887,454),2664813
0,(1885,456),2665816
0,(1883,458),2666814
0,(1881,460),2667813
0,(1879,462),2668813
0,(1877,462),2669835
0,(1875,464),2670817
0,(1873,466),2671817
0,(1871,468),2672817
0,(1869,468),2673816
0,(1867,470),2674816
0,(1865,470),2675815
0,(1863,472),2676816
0,(1862,472),2677815
0,(1860,473),2678817
0,(1858,473),2680820
0,(1857,473),2681816
0,(1855,475),2683822
0,(1854,475),2685824
0,(1853,475),2687835
0,(1852,475),2693836
0,(1852,474),2696822
0,(1852,473),2699828
0,(1852,472),2702829
0,(1852,471),2706824
0,(1853,469),2707829
0,(1853,468),2709846
0,(1855,467),2711838
0,(1856,465),2712836
0,(1856,463),2713822
0,(1858,462),2716840
0,(1859,460),2717836
0,(1859,458),2718824
0,(1861,456),2719822
0,(1861,455),2720802
0,(1863,453),2722840
0,(1864,451),2723836
0,(1864,449),2724823
0,(1866,448),2725825
0,(1868,444),2726824
0,(1868,442),2727823
0,(1870,440),2728825
0,(1872,438),2729823
0,(1872,436),2730823
0,(1874,434),2731823
0,(1876,430),2732824
0,(1878,428),2733823
0,(1878,426),2734823
0,(1880,424),2735827
0,(1882,420),2736824
0,(1884,418),2737824
0,(1886,416),2738823
0,(1886,412),2739824
0,(1888,410),2740850
0,(1889,409),2742839
0,(1893,403),2743832
0,(1895,399),2744825
0,(1897,397),2745826
0,(1899,395),2746825
0,(1901,391),2747825
0,(1903,389),2748857
0,(1905,385),2749826
0,(1907,383),2750826
0,(1909,379),2751826
0,(1911,377),2752825
0,(1913,373),2753827
0,(1915,369),2754826
0,(1917,367),2755830
0,(1919,363),2756830
0,(1919,361),2757827
0,(1919,357),2758829
0,(1919,353),2759827
0,(1919,351),2760828
0,(1919,347),2761828
0,(1919,345),2762828
0,(1919,341),2763828
0,(1919,337),2764827
0,(1919,335),2765826
0,(1919,331),2766828
0,(1919,329),2767828
0,(1919,325),2768829
0,(1919,323),2769829
0,(1919,321),2770828
0,(1919,317),2771829
0,(1919,315),2773842
0,(1919,311),2774842
0,(1919,309),2775830
0,(1919,305),2776831
0,(1919,303),2777829
0,(1919,297),2778830
0,(1919,293),2779829
0,(1919,291),2780832
0,(1919,287),2781830
0,(1919,285),2782830
0,(1919,283),2783832
0,(1919,279),2784829
0,(1919,277),2785831
0,(1919,275),2786831
0,(1919,271),2787830
0,(1919,269),2788830
0,(1919,267),2789831
0,(1919,265),2790834
0,(1919,261),2791831
0,(1919,259),2792830
0,(1919,257),2793831
0,(1919,255),2794831
0,(1919,253),2795831
0,(1919,249),2796831
0,(1919,247),2797833
0,(1919,245),2798832
0,(1919,243),2799832
0,(1919,242),2800838
0,(1919,240),2801833
0,(1919,238),2802832
0,(1919,236),2803832
0,(1919,234),2805851
0,(1919,230),2806845
0,(1919,229),2807833
0,(1919,227),2808848
0,(1919,225),2809835
0,(1919,223),2810833
0,(1919,221),2811836
0,(1919,219),2812834
0,(1919,218),2813834
0,(1919,216),2814834
0,(1919,214),2815833
0,(1919,213),2817845
0,(1919,212),2821842
0,(1919,210),2822834
0,(1919,209),2825853
0,(1919,208),2826841
0,(1919,206),2828849
0,(1919,205),2829850
0,(1919,203),2830836
0,(1919,202),2831839
0,(1919,200),2832844
0,(1919,199),2834851
0,(1919,197),2836850
0,(1917,196),2839854
0,(1917,195),2841840
0,(1917,194),2843851
0,(1916,194),2845849
0,(1916,193),2846848
0,(1916,191),2849852
0,(1915,191),2850865
0,(1915,190),2852875
0,(1914,189),2857316
0,(1914,188),2860537
0,(1913,188),2861920
0,(1913,187),2863852
0,(1912,187),2865852
0,(1912,186),2867854
0,(1911,186),2870855
0,(1911,185),2872857
0,(1910,185),2875859
0,(1910,184),2877856
0,(1908,184),2878856
0,(1907,182),2882862
0,(1906,182),2888860
0,(1906,181),2889847
0,(1904,181),2890844
0,(1903,180),2894860
0,(1902,180),2898890
0,(1902,179),2900874
0,(1901,179),2901849
0,(1899,179),2905892
0,(1899,178),2907871
0,(1898,178),2910174
0,(1897,178),2914466
0,(1897,177),2915528
0,(1896,177),2918224
0,(1895,177),2921871
0,(1895,175),2922852
0,(1894,175),2925862
0,(1894,174),2930854
0,(1893,174),2932863
0,(1891,173),2934864
0,(1890,173),2938868
0,(1890,172),2939886
0,(1889,172),2942871
0,(1889,171),2944869
0,(1888,171),2946860
0,(1888,170),2949867
0,(1887,170),2950869
0,(1885,168),2954897
0,(1884,168),2958883
0,(1884,167),2959893
0,(1883,167),2964553
0,(1883,166),2965649
0,(1882,166),2968873
0,(1882,165),2969870
0,(1881,165),2973871
0,(1881,163),2974870
0,(1879,163),2978873
0,(1879,162),2979879
0,(1878,162),2982871
0,(1878,161),2983869
0,(1877,161),2986872
0,(1877,160),2987871
0,(1875,160),2991972
0,(1875,158),2992899
0,(1874,158),2995874
0,(1874,157),2997909
0,(1873,157),3000910
0,(1873,156),3004503
0,(1872,156),3007055
0,(1872,155),3010902
0,(1871,155),3011892
0,(1869,155),3017892
0,(1869,154),3022893
0,(1868,154),3023891
0,(1867,154),3030507
0,(1866,154),3038075
0,(1865,154),3045896
0,(1864,154),3054591
0,(1864,155),3060503
0,(1862,155),3060881
0,(1862,157),3063887
0,(1862,158),3067881
0,(1861,158),3068883
0,(1861,159),3071880
0,(1861,160),3074879
0,(1860,160),3075884
0,(1860,162),3076865
0,(1860,163),3079907
0,(1859,163),3083057
0,(1859,164),3083877
0,(1859,166),3084870
0,(1859,167),3087883
0,(1858,167),3088884
0,(1858,169),3089872
0,(1858,170),3092884
0,(1858,171),3094883
0,(1856,171),3095886
0,(1856,173),3097885
0,(1856,174),3100871
0,(1856,175),3103888
0,(1855,175),3105885
0,(1855,176),3106885
0,(1855,177),3110899
0,(1855,178),3113889
0,(1854,178),3116978
0,(1854,180),3118917
0,(1854,181),3122907
0,(1853,182),3127507
0,(1853,183),3131420
0,(1853,184),3134887
0,(1852,184),3136898
0,(1852,185),3139926
0,(1852,186),3143890
0,(1851,186),3146893
0,(1851,187),3148889
0,(1851,188),3153894
0,(1850,188),3156892
0,(1850,189),3158883
0,(1850,190),3163895
0,(1850,191),3171506
0,(1849,191),3173109
0,(1849,192),3177898
0,(1849,193),3185897
0,(1849,194),3197899
0,(1849,195),3220002
1,1,3260947
0,(1849,194),3302005
0,(1849,193),3308932
0,(1849,192),3313906
0,(1849,191),3314898
0,(1849,189),3316901
